x,y,z
-0.34120453827426606,-0.3291531283989518,-0.11553037773810579
-0.6298672553263241,-0.48154584397443323,0.01699294939262696
-0.841905843603681,-0.9799877919580459,-0.19126040639712658
0.2987659104435917,0.21471626768417473,-1.1301651639336168
-0.7610789399367233,-1.1950546526558032,-1.0833496642483196
-0.08486796122253507,0.12438874424483234,0.6557748949864945
0.6613863013318365,0.7406666585797103,0.874702390105486
-1.1261753363378721,-0.3829287814852126,-0.6023138804033237
-0.7651020278161179,-2.065107891748773,-1.9266947918601085
-0.1571244865658062,-0.3536728918559175,-0.06941085733325242
-0.4768044952919615,-0.07259529771478873,-0.7645855468671365
0.8042592130621236,1.081868953657748,0.5389559005769111
-1.0870012427675333,-0.7204952010442137,-0.05477753955624897
2.205750187531198,1.7022297739505035,2.060108150122721
0.28497855866031785,0.45935081364106956,0.029420321548534065
0.9891920616929805,1.534676162756672,1.7177073607042797
1.3413873038438922,0.8093674601213943,0.5973428089033994
-1.374173188935125,-0.9954140840028465,-1.0021257868496525
0.6580211976581585,1.1592525890018472,0.03189709382758937
-1.0060884507818224,-0.25957977156175793,-0.2731595256083993
-0.36551855958294815,-0.23338429202478578,-0.20430625359919027
1.3439150824392694,1.3349241586559668,1.3713999524012674
0.1409601968090371,-0.06518652875325257,-0.31893783217419486
-1.3838174036239068,-1.3746117315351185,-1.270044344954551
-1.2295225407053907,-1.9085489052505695,-1.842092054375497
0.4181415406089249,0.6135030957261728,0.8732630967153089
1.973316683281169,1.768572630708757,1.9753881584725197
-2.2795899686225467,-2.5567824303646964,-2.9204789686690202
0.2135379950458659,-0.06804178290838128,-0.3079556233961955
-0.6776030875512241,-0.3136724643701301,-0.5988415449085932
0.19670111737750715,0.8343690396788042,0.31762665381881183
-1.6304570991125038,-0.9908884948481493,-1.2370074539377462
0.41209330874692396,1.0345333750861307,0.9404126313376687
-1.5814025969605905,-2.045850238460432,-2.2559847309712424
0.8106047139753201,0.2558573731809122,0.11298207858878008
1.7659667232377343,1.7687546487452042,1.2372299851124824
-0.6345628302077989,-0.25722384278481175,0.6838908103016491
-0.028590782841162177,-0.28007520566599675,-0.033946925101637326
-0.818726111882303,-0.12469200605375363,-1.0113033539069933
-1.1300469426420336,-0.5396040020646127,0.9584007070984213
0.4416749022103297,0.2551341969544465,0.676253204855775
-0.5407025695319156,-0.7524109599149068,-0.9867157002476759
0.3201126476223822,0.09539864560582174,-0.3763313841432683
1.174296616897734,0.6475348073979716,0.0973137938888445
0.4873582495633726,0.4746019406571643,-0.20368182071814347
-0.3071175660943431,-0.6396198875444726,-0.06361094917361387
-0.00786990955313293,0.027843888792597013,0.40007851820763535
-0.6076030555989291,-0.3751892515969536,-0.3047369599614123
1.0775014506550185,1.8351026309942227,2.083610579214594
1.1846517676704165,0.9563114560143098,1.17257080150411
1.4131899870634617,1.368804078892249,1.5588772064442353
-0.6749309597369237,-0.12174638783248799,0.1319574968713415
0.6600537269616871,1.0861844732728538,0.6468665977582585
0.43716694129349787,0.11653893119460271,0.5167380016433791
0.19215776550470373,-0.42955860968173526,0.1859306791505893
0.6398498786567028,0.4286649823470178,1.3128534358051949
-0.21476445059382884,-0.12252485747926758,-0.33748504707413285
-1.556659378979292,-0.894008284388514,-0.05265246371652274
0.8474092282629309,1.033966208473663,1.1394442065579398
1.450533150583014,1.2646425301026885,2.206048402297961
0.17747796110239145,-0.45443860286711024,-0.25769785273023577
0.6122014931952613,1.0057800807829176,1.1172827149111066
-0.30223403517728203,-0.5269115039672304,-0.8263906971799737
-1.0925171448129116,-0.5110709627081682,-0.5681730603331854
-0.06954292888859609,-0.5565462362890792,-0.7022224373583822
-2.0024173033190786,-1.5166651689664512,-0.8351488943435814
-1.373609163330506,-1.5937459380748171,-1.9804537092582988
0.041386237460141584,0.8818970758308552,0.8368211631895854
1.485397590333356,1.0759045161767489,1.3853227678677733
-0.1754304885556413,0.4604906346548715,0.3989819984200018
1.7704341670847101,2.2848047138616514,1.790101847505695
0.22007252063719004,0.17009173360584648,-0.24583810307856058
-1.1325166377150166,-0.9583633797600369,-1.4343476193495424
-0.5362143489440611,-0.6155149171410127,-0.923589608370115
-0.9611466987047184,-0.7939387590841209,-0.21026369211157642
-0.7328643261485452,-0.6999504385766271,-1.3312906923674912
-1.097651579256027,-0.9600728305941789,-0.6695908514915664
0.19884092400990488,-0.25215773010658654,-0.46347093832760083
-0.626275526641269,-0.7290700035374575,-0.5408543773150554
1.7435892714021612,1.2733561036706946,1.0023792053288774
1.315831735345468,1.3842354898613054,1.6361483547520408
0.5213299526533112,-0.4982064497812581,-0.4599306031021501
-0.16670730636965814,-1.2139649198261204,-0.9143050372901795
-1.5341620183504183,-1.7695689126377816,-1.3995055734900024
-0.5463408095713501,-0.9375609635317081,-1.0102218019969327
0.4480786652866801,0.7029748930050282,1.2448841687726366
-2.3277254816515525,-2.868299208496878,-3.1356183587591597
1.0160497734653624,0.9782042900769721,0.9015272576292536
0.15636626047931604,1.199812309822379,1.0805875010338044
1.1958679021993592,1.6458997565341444,2.013269166295035
0.40532041005022257,0.14955534689447783,-1.0034220653634187
-0.4244225711803097,-0.35233491108884707,0.4987584923548944
-0.5231773476980656,-0.6792950374444466,-0.2511071351104909
1.336345404748701,1.8556323644011314,1.431901286680024
1.5706351441582405,2.1785511062461644,1.890115148348833
-0.40943142559733864,0.04700998966884376,0.3953350904206763
1.1100666797453083,0.6102084183653875,0.32378994064644395
0.6787912892214908,1.2004030657931803,0.5809207249703182
1.4532079762706496,1.0931514699294627,1.0692599714022466
0.29615575614058015,-0.47726190549369796,-0.9307830729800345
0.1864252898067005,-0.10668008163433501,-0.43109425798330603
-1.505064285436206,-1.4780818635000659,-1.8159592254378323
-1.521964392092268,-1.4203724547009307,-1.4255820940392065
0.6440983075176953,-1.2410818303604625,0.6440983075176905
-5.655540413634481,-5.870239849473706,-5.655540413634476
-0.3449200222333892,-0.9402287942707632,-1.2860763101707406
-0.7327161858004224,-0.1330967535055601,-0.2824072192308116
-0.32312146605075065,-0.6337225515281051,-0.5470027179231491
0.5937841829429141,0.9262305844210692,0.6848921163609895
-0.8884240632213868,-0.9129916066478742,-0.7229584601337663
-0.01890544249997972,0.48378214742883907,0.4215253484141782
0.6479556295789024,0.5540212047244812,0.0848664510575954
0.551695758833226,0.10129082209919638,0.07582122234759849
-1.8514959320888111,-0.9039818686172371,0.32562700691970525
-0.126582192039352,-0.6758291588366224,-0.57233320955263
-1.3707097920285334,-1.0148343757127112,0.01776402755974514
-1.23994040168964,-1.603534036915646,-1.4734822564906096
0.6052090680560757,1.0093833870143192,0.6876296527232626
-0.30291102461862407,-0.3461516712885765,-0.6338644214934864
0.6272973388634241,0.1775380760068926,0.46110989320670126
0.41095374258926265,-0.35703181993184574,-0.22119845814710673
0.5432515257163044,0.2210341442936404,-0.14307308149987516
-1.6963678862963134,-1.6366568585084054,-0.7724326622384129
-0.16819239120392843,-0.005729743679585925,-0.2501069733742323
-0.3718301731519915,-0.4772310318099392,-0.5256500568395072
0.6066738733223466,0.9501064172504924,0.4391613578674355
0.9018846176684995,0.7633511195012493,0.045715912535038
-0.6919397501972238,-1.371955840546776,0.05992900129977652
-2.234938186672876,-2.627589956871246,-2.8660474855562765
0.19686260451262677,0.19070417783886262,-0.0887245675985763
-0.44778905029714994,-1.0604085479664374,-1.4873682519717932
-1.8387918436823858,-0.7750519594338048,-0.9533959414716028
-0.20775267417902374,0.28500230214696326,0.10640392017697745
-0.1176147172730263,0.40511362624994773,0.10472076115775883
0.2749910211485687,-0.14911780156477578,-0.5636796129851356
-0.23141678084807413,-0.29174149232409374,-0.4272094504596369
0.10742904364297831,0.3866641296576363,0.6155377129499305
-1.513305372703626,-1.260716021995458,-1.9830412727588884
-1.560371140834333,-0.9614130543471481,-0.00022475896808293178
-2.387490988380273,-2.3891928779211367,-1.663843102579911
-0.36060601841072354,-0.19667172773120412,-0.33600407290222317
-1.993621180308756,-1.8839133930572027,-1.6513955974815324
0.5110960423331176,0.6102116191389432,0.4305134509399282
-1.2608010364569726,-1.1291000542833363,-0.4874728537346048
-0.1105895642109405,-0.8565427150330505,-1.0655434169244913
-0.2901733940857175,0.566844905598326,0.42365825560789294
-2.0222534487747237,-2.081351137796471,-1.7565631652020897
-2.181041578996398,-2.7783262627307352,-2.2094278350430745
0.13519593331037194,0.3138670877481821,0.8031220084643621
-1.145809505690258,-0.9977487971718398,-0.5865676842754939
-0.4783777957656092,-0.40866828341833356,-0.436089429246852
-1.4492128775522135,-1.3795835208628646,-0.8254781234597897
1.2288958865003625,2.210438902149274,2.7440962506910322
1.1541788718359947,0.7215720959417731,0.6191343397828969
0.019526808102023757,-0.03861433998979652,-0.677619427565453
0.06330985425906156,0.03706870036382529,0.18652444820812047
-0.24956197809267974,-1.4482757253161465,-2.008700638544065
-0.6095463291497148,-0.052209516455134206,0.7684741290133859
-1.453208669689592,-1.3048327942228126,-2.0877743272699893
0.46216417465456006,0.7600718427208927,0.9945355286467857
0.2550335521642663,0.9326824522954622,0.7015294725065464
1.3515417448267393,1.0930393674343895,1.0582792237270318
0.4213716163050688,0.42573987822206855,-0.061267182489581684
-0.7911998913581586,-0.6919218678143079,-0.7463253399571705
-0.9382788386023788,-0.5627207722085769,-0.7351668481687833
0.5182483374438129,0.09066591863724503,-0.03706553783431079
0.3098442428498426,0.6001456212397418,0.32183459806647596
1.6573076705362795,0.8034272320368785,0.9036669245825895
-0.046470624253163034,0.4278995654071718,0.12870411948110033
-1.1946199279080896,-1.4713519320044812,-1.6489617574535975
0.4235315479867474,0.3088757483627498,0.9533742150108446
-1.7582547165240026,-1.7192435311580028,-0.719588121324577
1.1396473293371843,0.7542717350596995,0.1762653490700532
0.03484520819915687,0.3571737015114877,0.41132189289753296
0.5638086026707558,1.0161628524610016,0.6449718858648749
0.8648184064541072,0.5641196406488107,0.5724909135686345
0.5233145872721398,0.4099058220346813,0.5479241472024692
-0.7572061213618198,-0.42374658132504667,-0.09900795105095306
-0.7904754901421502,-0.45412289577012727,0.25015140657034773
0.1318402034786346,0.031881848276613424,0.08442130483063227
-2.97228716175485,-3.6483373427642762,-3.3932922240507732
-0.6566841511862639,-0.49167413025963475,-0.18420651293772233
0.2760696399402231,0.6523425500003369,0.8765151501525116
-1.5378971167638393,-2.5655679320494142,-2.9271060257314208
-0.3158693474744674,0.4201716130042744,0.7577373867218768
0.040290428534051126,0.41700843394765075,-0.3583159194329321
-0.009773359159009648,0.006617479783078584,0.5152810620360856
0.9822727012772549,0.8493888518826781,0.8404577840008985
-1.107262090750794,-1.1976049943015752,-1.5164603039044287
-0.3172912892903745,-0.2721316176094875,-0.5876170541667092
1.7251593623210675,1.8341031892464397,1.6178355723796596
-0.6000535671178999,-0.846579146527678,-0.04928480461336415
1.5261913172856945,1.1255585640681771,1.0674440099832003
0.8067812980045657,1.3178834823340417,1.1028416979951992
0.467518721640657,0.29281553035511493,0.3087908046530075
-0.21074631677213546,-1.0506580945141282,-1.620716961964972
-1.0515626858352554,-0.8247834359651842,-1.0544240543329706
-0.9688140861517245,-1.2878637351056976,-1.546903615739688
0.6578350057830028,0.939749354704603,0.9149889213487722
1.1982170852347005,1.512644989411849,1.5101188882748615
-1.975873036472497,-1.5565462358103295,-2.4149155256860997
-1.688943785802833,-1.4773073349808297,-1.6746182279420825
-0.1982085407061105,-0.4516753918951872,-0.6933212172633063
1.8285071149239425,2.063454343556079,2.19784689237709
1.0352885008569173,0.522778219042331,-0.0310997045933619
-0.5621897668776957,-0.09285629830999624,0.44611598609205355
0.8099608773061528,1.3513771792127314,0.9145902343275243
1.2204277243389707,0.788682223235842,0.8318382228730659
2.8898093557077424,2.0952614541988406,2.355968104841015
-0.26377528176176923,-0.2503453162547892,0.08077918163588282
2.824585678486985,2.287034495186851,2.128491297494
-0.8409674794780461,-0.8514854605684279,-0.9608346574890007
0.5903294292627962,0.3914917836012013,0.2856538306988908
-0.24241504574303355,-0.3512153675366542,0.47745014946545195
0.9591622878235389,1.510927075732617,1.1523401164711289
-0.35916280747594054,-0.2524021111900725,-0.7511868209453427
1.5075433271690517,1.8731259739196313,1.5472114057345134
1.231581071414671,0.9884380595461392,0.5580720123393617
0.7117910981492174,0.9047915613035977,1.5086809915050616
-0.03745405971259987,-0.32223721972200636,-0.34924287596269415
-0.19269770810376824,0.5926893403275786,0.5621420101879233
0.6532859703022875,0.413044277527388,0.8061987786113284
0.12148091204450756,-0.3565519040535091,-0.9319919576455752
0.662852131701839,0.8072186658840537,1.4190698066516758
-0.41990731705275464,-0.4573693374671113,-0.6582534825510937
-1.0622894077761196,-0.6749012770433659,-0.4874661369095057
-0.2365185691395355,0.24949241591684804,-0.01152869378953951
-0.5215848342378019,-0.8432277445558194,-0.4713972192782233
-1.3016042675943604,-2.13017365534327,-1.554529441395399
-0.42052806196877585,-0.4631306910421339,-0.5856574072637979
2.0847583230268327,2.5589646750561084,2.2497070675404456
-0.17876626788438182,-0.8113955060835647,-0.7609503150322398
-1.5444209215709848,-1.8130891059896355,-1.6272038439620826
0.5946115830131271,0.3483513385131042,0.7468888000938831
0.38542985979035815,0.8334921881004074,-0.2672038169117905
0.3321382841354116,0.24282280408151624,-0.028162620485132867
0.8783423529669774,1.3691926726417354,1.2403380177886205
1.1914735963532919,1.456777257642199,2.1525936566204047
0.7254818088691268,0.7213388785178569,-0.21745229780330405
-1.619500923074148,-1.7716376303193162,-1.2955094414597739
-0.13861178117449705,-0.7936445315494913,-0.38811274767663756
-0.2924718023468418,0.39985590762561046,0.6741869116294512
-1.8973665961010227,-6.033585719055488e-15,1.8973665961010286
0.6685368389379015,0.7081449152109348,1.1508087976823154
-0.22330190819680745,-0.6105404987721451,-1.0430500130118905
-0.8308854672022097,-0.9302780594940138,-0.7111093649069449
-0.5358427069755857,-0.35881539691490605,-0.6197738211000808
0.8145914477170443,1.472627981795338,1.3167175809905123
-0.4016789749393334,0.444507903341717,-0.14116563487310577
-0.6416882638718088,-0.6264467704127252,0.048575750792986316
-0.7156268699386775,-0.5880805434601888,-0.7870638502143705
-1.0652947003059254,-0.7981267781442325,-0.8399404288837967
0.651819433340699,0.3263611520409841,0.02157270304534322
-0.3822119013534697,-0.381214421095881,-0.6714151806236045
0.2327013424689922,0.6730746152113887,0.04820648128502383
-0.33204513047650747,-0.008398497084471643,0.21064561450522515
-0.9020934361837489,-0.7494735130308194,0.28971911949781126
-1.159371301152782,-1.1946839805003024,-0.3615065228826111
0.15342641864196616,-0.09213831767865005,0.08178524241586735
0.30763541565616964,0.04219339200575442,0.42816618434736714
1.146997099123231,0.7034816911830175,0.0099080088654101
-0.29994267030465704,-0.007973989080945487,-0.5282926042372098
1.2122869363097803,0.9118894394363188,1.1597311218364552
-0.012422261303487059,0.7256056662749096,0.21377526056730312
0.01833026443494698,-0.1338558815823914,0.3043376730373727
-0.5534507663689455,-0.5780411777055379,-0.5535328216788086
2.2503642228466596,2.08434731940536,2.061879180277285
0.48368172287916983,0.262162918033376,0.5988307671712703
0.13380964623530694,0.5257837627280169,0.6426412631411421
-1.080694956203055,-1.5742807132357954,-0.707922815124717
0.09496688126455265,0.23267905111407838,0.8575009158906328
-0.7225835646522838,-1.1406711194647634,-1.4352666842283193
-1.1825727651634397,-1.6106596937525135,-1.3277874498758166
0.36121696694892746,0.9396127161568805,1.0581609387729662
0.3972819962832239,0.9292070415671788,0.6807396058869957
-0.427274450156751,0.013364113014844609,-0.3022586511612445
-1.3350193324959092,-0.8044780091625221,-0.3669080892076131
0.7747117578409825,1.2749999098606901,1.0335088730612734
-1.1034053356642153,-0.5353889992149548,-0.959725276103172
0.7721507011471419,0.314512004100125,1.0867110944396756
0.98434876719472,-0.05413992619834046,0.5170060809581372
0.5359616024109982,0.9570504599062317,0.6981047136410241
0.8077101122718584,0.24789863365807357,0.7567020660218399
0.45183807992198066,0.6983831160171353,0.505841084593105
1.4480188654310657,1.4897157246806354,1.1617370856084908
1.300365515280446,1.478741790313856,1.4586831422312232
1.188945836312226,0.876938437660816,0.41150066814486896
-0.5570494848038982,-1.0608261705869069,-0.7997614297753829
0.3103608420307697,-0.31059057343899943,-0.4031892996085179
2.063697693967598,1.652812114567726,0.8817682023234825
2.017414239958513,1.8030011238733612,1.1019782891803511
-0.1473336289958978,0.45110135128575,0.3833995155463769
-1.9804161336469617,-0.8084402698144477,-0.396542371452807
0.06170267673332483,-0.5723686622378692,-0.30591885613994924
-0.3709813323746047,-0.2814591468103779,0.5946278923359074
-0.5596710851912328,0.17731569127970134,-0.2541307602377685
0.25849829839915284,0.8593274206398429,0.7392169029994078
-1.706459957785915,-2.0454746477580765,-1.9473855794431676
1.6631531303424307,1.6793406028554998,1.561325341670657
-0.9621705491198022,-1.1324188189706663,-1.5447183229687216
-1.6709506825094875,-1.5909128566849127,-1.389645261955678
0.795852354675265,0.579891092354708,0.35103728665729983
-0.7094866534535336,-1.1422753814524274,-1.4259041477130168
-1.1330813476940176,-0.9266908977806549,-0.36498115955275084
-0.9867270010666224,-1.3476762109709473,-0.8821616821840883
0.4109544149648303,0.41595968276001893,-0.3007438705738093
-0.6026540609262326,-0.186035371166411,-0.1945446671969021
0.9027521866052778,0.7352848711166922,0.7021084587267062
0.7618911290395741,0.344640758379427,0.5310245905954685
-0.9116781448751394,-0.7883754410155733,-0.5887559585743902
-1.0158411089153412,-1.349377309224201,-1.6666773267050743
-1.0113872823418848,-1.0777243877750171,-1.687892063334387
-0.8738016422340745,-1.571224231786869,-1.2313528915026075
1.306506919049438,0.483488813509975,0.14022207391577302
-0.7671427086793678,-0.9407496009855257,-1.0437405503832886
0.017213312120669483,0.388306997880594,-0.15421644330800266
-0.23841772602202058,0.052532207922370816,0.32689518084227903
-0.7807702702152511,-0.2685916007028304,-0.2926845508415331
-0.2182683610380452,-0.3756925662970761,0.558334205282412
-0.5745382728431565,-0.790832875017705,-0.916736616798234
0.3097837064522595,1.00876081936569,1.1151481429979766
3.3957390908272447,3.109914986758515,1.9551721903033628
-0.020150731321275088,-0.0671131325654968,-0.19896293918890565
0.0985902528376508,0.2255385242322391,-0.47787780116134704
0.28956656762663013,0.5531029416886893,0.5336162341637285
-0.5816065907720056,-0.08291289188974352,-0.2341975710261674
-1.9512112782488211,-1.925015731842642,-1.9445316167897986
0.9256900836146915,1.4532259080715202,1.5948423995121208
-0.8660270177509529,-1.2473965234677382,-0.5994771049852989
0.5632475824261218,0.8576879238473887,0.0059064128619556455
-1.2966111305666648,-1.3825401121906116,-0.9958911823145143
-0.013380771323628119,0.06598542803510622,0.17984714288316153
0.32061051308596616,0.3554492321928479,0.6493338253024131
1.9796951541686008,2.0948564875284195,1.9150763582485435
-0.5849801687851945,0.2400414968673498,-0.08660998764367336
0.9910541285253819,1.0525329146162732,0.4629211364110455
0.5075035226039819,0.20774457142557978,0.7013955429940693
1.1170159770768981,1.1127256473511422,0.4687500962220982
-0.294512396808463,0.46394329354405583,-0.2791065206554625
0.07708401418116032,0.09130988529997364,-1.0831735181831126
-0.7657710766257428,-0.8077501001879551,-0.6248684209944273
-0.18324652430294694,0.663164528973263,0.8208134037258572
2.0438477582888432,1.7768717361283806,1.5688854745926786
-1.1314312116413405,-1.4721763226965212,-0.6742166976442465
0.20777392952526047,0.021294132132171004,0.13072045407474797
0.1208408352823057,-0.02572322712017089,-0.601508139130013
1.772069333169742,1.4273887922102417,0.8690796300326328
0.25855260712890926,-0.6766996374792942,-0.2879476746455748
-1.0274241518281173,-0.6230354368160794,-0.27727317999236134
-1.0092867829391758,-1.284006596634956,-1.3021451380546964
-1.010702261043756,-0.844802918453183,-0.1411381307238408
0.26623183297445807,-0.00016259356859280039,0.3083072076732384
0.781684737910218,1.19013037595316,1.5699088120424896
-1.5585827217586472,-0.4704422651789987,-0.8634905158896711
-0.19661582638132383,-0.6491299630141971,-1.2153044971359037
1.305524728303603,0.9604816410861481,0.9520944461616135
-1.092677159434852,-0.9659733930309257,-1.2413985600081026
0.02885803527968689,-0.27900134156455597,-0.0999277062445043
-1.2485866813614048,-1.0395166366718849,-0.6707725831266504
0.013110315415556129,0.6716419710146744,0.42507555202899105
3.4496851387242016,2.9901453307203543,2.575557335591832
1.3507376854758466,1.9533694395508474,2.0966315910828137
-0.4318938548875083,-0.37283287702452544,-0.09638687629219506
-0.6381310144279541,-0.9442620492341176,-1.282799648859792
0.9777237715365242,0.4800441392466551,0.6840354434202169
1.269122443429422,1.4141171386138072,0.6222330584189292
-1.1516174888026238,-0.2851472187673843,-0.2501489671752193
1.0699273229495079,1.2632146358146081,1.4915879348812788
-0.8954960093212205,-1.0764589254824974,-1.5163653179189098
1.731617214123471,1.9278344700097365,1.35689566299526
-0.5565922970557922,-0.47001525173630354,-0.02686367688239675
0.4603452430222976,0.7601103883296108,0.7734939006694199
-0.2848440353769348,-0.48084980272040706,-0.2804903555675769
0.7472624901918481,1.0936330298620724,0.15526470948732676
0.3001591386264227,0.6441179238212154,0.5692599398311744
-0.7034669672046565,-1.2373263606022393,-0.40064070423470355
1.3678815185124527,1.6947305879876016,1.5366949020877283
-0.47074745791985523,0.4043426371365276,0.2083608612146607
-0.982090174653447,-1.2951923752835028,-1.2052038548338702
1.8433583219546215,0.9875105978399588,1.0839570984433489
-1.3298777228661898,-0.8168799437726336,-0.4103854769694017
-0.3459209503188629,-0.7952719663785307,-0.38680611205332127
-0.702219534121545,-1.4175889009826532,-1.6759125603042435
0.9385505441422768,1.7718397237765016,1.7332349728499121
-1.5680674877206489,-1.468543391561755,-1.3204554694599608
-1.6304026004803585,-0.5058151327868518,0.1361389770160754
1.0473605958707461,1.064233619964371,0.5411384638790768
0.2046775716894878,0.19949809746772149,-0.4466935179318251
1.0479130012392763,1.0956205632033837,0.4980842775655896
-0.6718848274125299,-0.9536029752474019,-0.30931624073287556
1.9624921391229304,1.4558889782943278,0.8142916520193562
0.02228088746231987,-0.6436724099242446,-0.9605455464559711
-1.4739524799401218,-1.0541017732725884,-0.9097061543808668
1.0037774416403982,0.44961681487929295,0.366107562671125
0.04232977424792743,0.12223836220575462,0.08245150455354687
0.09368841559784291,-0.04511520715449327,0.17886332998999654
1.9818820509726844,1.553955889293275,1.4850178574911452
-0.10286748810064891,-0.5344188554015146,-0.5856677206305609
0.9092358996515751,0.7607753414372183,0.5703172745878576
-2.50886591718668,-2.662401410908548,-2.889728563368729
-0.40783223847778294,-0.7729629949618464,-0.3542762727164427
0.3813072421367536,-0.004248689255764979,-0.7247259952056505
-0.04693048399873201,-0.06125514455936776,-0.029397526602182197
0.10994745776069585,-0.14818514518328024,-0.27306437068728884
1.1584826366697765,1.0572615818622655,1.0602155640517132
-0.3459357316046751,-0.5679658328957147,-0.8690508348302477
-0.3242068268342605,-0.813097161480139,-0.7135216332265695
-0.45394563637569185,-0.17692085873738056,-0.4069283489793686
1.209752633049909,1.1041159134531662,0.9301762784640889
0.08989872859210161,0.06731886114114138,0.5273632431886714
-0.36987904134066024,-0.5595620956007531,-1.0811870752101889
-0.9138075880490575,-1.3040718875031074,-1.8654799798775463
0.7212300073038395,0.8971884243424816,0.8829168325363425
1.1278039469567487,1.2310087571090682,2.038859310514908
0.05943475908595017,-0.5046754553285158,-0.8484912201476839
1.9109480228008078,1.871941394989323,1.6507490359609962
0.5637332605957522,0.08099294143604843,0.15276654292413788
-1.6954479354457874,-1.3305702975658675,-1.1118529203443481
0.05261453204022058,0.15092395285711022,0.6194628970176248
-0.4277123632527226,-0.15080695095330676,-0.41326290916123054
0.684704721993372,1.620935998378669,2.003134969449361
1.0692065869081602,0.6400799104174624,1.0615001344799875
-1.1623748222397554,-0.9513135388266849,-1.05115574343225
1.1140238820347634,0.6430852751883369,0.26728595367397534
1.6492457985791098,1.9450622562549618,1.1650750318687326
0.3669722449776823,0.4058163522876829,0.407749069360017
-2.1854022654058047,-1.9222292938395587,-1.5633243194827764
-0.6433524068476146,-0.9357112819483029,-1.0781035800201457
0.4788865008574517,0.8256692633326342,1.1441763910194935
-0.22238481800540577,-0.08077290663008926,-0.06935842154888926
0.2214991868636689,-0.20506290527877163,-0.1652106804386016
0.8476874259185061,1.0031170690529654,0.6382534248579441
-0.8339603245765822,-0.39014581162927325,-0.9780182239933226
0.14362100530909322,0.41460371342876545,0.13882439710132646
0.08326479018334089,-0.49385551273154843,-0.6091763536110348
-0.06560976396789553,0.1462518067055531,-0.40186711630295224
1.2253979771180135,1.2919966616831757,0.9008417548742841
1.8854625430754404,0.7429442703433083,0.05876631963751243
-1.046719930498187,-0.292763360001028,-0.5691987056705635
-1.1375497354103818,-0.8188315464148869,-1.0997231892960229
-0.5900506763607489,-1.4278692428518827,-1.5400434410654034
-0.9193858325840994,-0.4927083398686697,-0.48746248316231117
1.5274674586019668,1.2012073085629602,1.1144346034081583
-1.8054678627753393,-2.793370314250636,-2.2598187209899856
-0.4760018360183591,-0.8052219883475795,-1.116721265505883
-2.886368264744577,-1.5145932822407349,-1.9639724434755097
1.0774182472902054,1.6808872555726433,1.3971989366236564
-1.0828337374183257,-1.1642769338356893,-1.5384921206407156
-0.03306687177874895,1.0030548905130787,1.039964008924975
0.35041570610804373,0.2471217710745506,0.02369836351027327
1.79170967605082,1.6579989518196654,2.0501294734926305
0.3539787397151266,-0.03426945375006335,0.4180116848443787
-1.3621221703075024,-0.3598968434101724,-0.36859667285795705
0.748106442716726,0.610457244952379,0.5260693405151907
-1.1091148628160294,-1.75559919473846,-1.4681406139955082
1.0436802373575074,0.853959231112261,1.343410594985159
-1.0245844978414316,-0.45665820681445896,-0.4460223100230698
-0.5260336522303853,-1.3061179994005,-1.6321192616893996
0.17027062999443254,0.6673513177318636,0.6166236646264728
0.6021211883915203,-0.1801906970179312,0.02734332985731433
0.46884573931059514,0.2671547155776596,0.638698801933897
-0.22797241948676014,-0.1261670167099451,-0.09372206564305294
2.5519101072052215,2.5435853621785616,1.833073218879265
-0.8014141225958568,-0.6553953874985705,-0.8780412775748141
0.9253183167495281,0.11644525925956266,-0.5506632885918872
0.197100870991031,-0.536228896355224,-0.445591726093288
-2.868506756907761,-2.7579060760140712,-2.386397715958767
-1.4295376115483756,-0.965400945363825,-1.1788393392762768
0.32903949026782575,-0.13369060321149248,-0.6983949714334586
0.05816660738517837,0.496138391327282,-0.23110180630440963
-1.765395897533165,-1.773788814518129,-1.659597298750757
0.39005983684261014,0.6739394766699047,1.0467989651148162
0.08354468949588578,-0.34860088938057,-1.0365808299084296
-0.6991366132989014,-0.37204155023242425,-0.2681854624236751
0.8223979344777994,-0.1332431917699805,-0.7894742599892034
-0.25316591700674207,-0.5273934294411518,-0.18650370476523348
-0.006213146081985324,-0.6471440403714739,-0.8492081740549093
-0.3603049355473202,-0.4989717719924571,-0.4941565916222844
-1.2732659106308744,-1.1420936176726797,-1.139218600904554
-0.2900607298410104,-0.2277472571381668,-0.4372290824945087
-0.07709141531931211,-0.03368229478231042,0.09178824301379139
-0.5084022963400513,-0.8505104286884164,-0.48010009936884457
0.18012617549765325,1.071021282286615,0.7805926940179864
-1.0407381073349034,-0.5751401013928596,-0.6317979632515901
-0.25059391402577225,-0.5143766472641024,-0.39796525192244603
1.0113148423764138,0.22484453678156563,0.517584725127838
1.1268369075694156,0.748824296922665,0.44673502202856774
-0.9615847064755287,-0.5653806992834397,-0.13352409752046257
0.6758022601896795,0.7052312413978185,1.2100433410706462
1.7058921578026776,2.102980361624768,2.4486670959482826
-0.24110446788920517,-0.8951405548439804,-0.8393179682239355
-0.3707927563675264,-1.063690524104366,-0.782531674264441
0.21780536390425112,0.2225135634642624,0.1424290179195185
0.8672195131016505,0.9045285002738599,1.458816685997237
0.29870467009326485,0.3527525896308624,0.09188969254501358
-0.20299584044196936,-0.23525320158175003,-0.13237043646641306
0.7126164504041667,0.8087627584038753,1.1234320870550414
0.8209359454379405,0.031165637358037512,0.6515111804167845
-0.8484042081965758,-0.4617274432010744,-0.5492137666166066
0.10194065059511082,-0.23323622194650973,0.9956973017740502
2.302969348931208,1.7347910906481456,1.307489204500366
0.26517224681013346,1.0207100952948505,1.6538518485533176
-1.9865839469536448,-2.2620608436727463,-2.598885296287395
0.5622876951012683,0.7327769467008494,-0.006660661681355318
-1.2393568092671499,-0.7643672916567508,-0.13887511363907207
-0.47490861608314916,-0.4868899448686307,-0.36985724105285933
0.7327775332632257,0.3085877039444128,-0.07392732297607238
0.13568336754037003,-0.2878947026037472,-0.05557193927859973
0.6684432625349679,0.9474446920965387,0.9407853840531624
0.6508950388162388,1.2025157864746117,0.9996862282669997
0.005692082845565383,-0.0019049477539457849,0.7325820330382589
1.928833254152229,1.7119117582841408,0.28815752086020935
1.3199447231187098,1.456919507316545,0.9561598920441274
0.9743795206668175,1.324474087761322,0.7210924753974499
1.3770554205477736,1.1618940981582622,1.6168575260615592
0.6104446401328423,0.6218540698185516,0.5271661596720738
0.02572624268006231,-0.5142949207436479,-1.1043720372299324
-0.7881591310657617,-1.3254123398915627,-1.3147822323372917
0.31358342346443996,0.17997687975198629,-1.149982996564564
0.12471038049529506,0.5464501760554561,0.14223424161245582
-1.4799577656013552,-1.3688187580768227,-0.4087294330533303
0.3134642769959605,-0.4124591930365384,-1.0317143549675067
1.0175667334288352,0.42080060110786377,0.23602619327782787
0.6568778129348094,0.5823243972499915,0.3748877786013296
1.6153557270141508,1.3598653381510237,1.5414648437862701
-0.49052683790754037,-0.6650818163598318,-0.8175748098095869
0.07711938387627809,0.09298087062035088,0.1336829371069932
0.0781609071760331,0.4293577051437116,0.0006191139315200878
0.9591685677520827,0.2923170150546198,0.12298824620029494
0.001935985417278045,-0.4274210157188002,-0.7370234510416419
0.1282054340957294,0.36406301785835893,-0.0237161907322411
-0.8829389527995306,-0.51468202253238,-0.5380599153085591
1.7308162594175092,2.055938875634485,1.6960694762042778
0.6044168115317083,-0.1804425587645848,-0.40328727388621405
-1.1717430818381707,-1.9277835623261823,-2.0747306757680786
1.2718803042175828,1.3153116787777617,1.3411718087330091
-3.065912968519232,-2.667028879628479,-1.7077035208857811
-1.0416816719414532,-1.3350659414062052,-0.6235193644330133
2.5270280462249275,2.7252693543392827,2.5914064028300317
-0.884681103567719,-1.3659955350076376,-1.4127663124364198
0.6331751384298487,0.3769685012302808,0.15602520570350267
-1.5687732421251777,-1.1258232569316817,-1.017598001202079
-0.6008489148263432,-0.20003647194572038,0.2175191550343629
-2.876318380469928,-2.4807328581289783,-3.179791481830822
-0.12531443684581006,0.4695350400071274,0.884410613978122
0.3508040999654517,0.9599477981252362,0.5869474192303614
-1.7317444386130014,-0.9952184080969448,-0.5978636049662901
-0.7482706124243405,-0.7758508961834106,-1.3348121601297305
0.9727381472872433,-0.03518899755370525,-0.27005106876005336
-0.3454139089960676,-0.5143437868137952,-1.1811280261030301
-0.5973251831664852,-0.7805060133136121,-0.2967140555251342
0.19950599800212157,0.25668991682122333,0.12154651787620982
2.9183473938937547,3.0890306325006596,2.539389004482394
-0.24039663076100912,-0.5913236432847641,-0.8559493546292628
-0.9169861173106312,-0.6584817719713544,-1.0037116354015923
1.5401332338360096,1.4272195003382877,1.4455286575363504
1.1048278221652341,1.0846300812467196,0.8988687498132915
0.614755782440335,0.17908945426713874,-0.07500526574763547
1.2019674565738099,1.1566720459793445,0.8590945630426401
-0.7031030437832344,-0.3369850338435784,-0.8357655989760708
-0.6455196644524065,-1.094528530457505,-1.1882353537081027
4.59188683213374e-06,-0.3927784934542106,0.4254145605650972
0.03641592991407529,0.0684171622743471,0.40335093140320544
0.9475481995202344,0.5014683126500219,0.0744568540373662
0.8081368916869425,0.5930522180281947,0.7115236314634482
-0.8034307881128044,-0.48850854269330046,-0.37102523096313506
-2.658566973003866,-2.4152111025092746,-1.4847561362797002
0.7707561170953896,-0.12349908179097199,-0.25746517410193914
0.7985982812455792,0.729016438367879,-0.2787129586878111
-1.4770738101944445,-1.448732858802602,-1.8010388668366872
-0.26344787292830574,0.042670905581630975,-0.38351720901637887
-0.5934575453683948,-0.3286820655232303,-0.9155285686461394
-2.0972846909302794,-2.3702904200807673,-1.5948130735171668
-0.7173442965517721,-1.5942551073997746,-1.408384789969957
-0.20765107715336964,-0.12099437730956819,-0.017622989457094288
0.051881998071946725,-0.25356052599240775,-0.09580892542251221
0.8697279270284263,1.2062121206909284,0.6663443201490376
-1.1524499526818146,-0.7529194516089515,-0.7862448273089
0.04681747708530565,0.8807804428158568,0.19284755720067687
-0.8624695615019856,-1.3414448776542613,-0.9840622661878344
-1.5497907664673594,-0.942831410237033,-1.2545572704806895
-0.9985529416915409,-1.0981159754476915,-1.0467797824239518
-0.887957729703429,-0.5643252408870681,-0.9116134504984742
0.014612063961225705,-0.46936832444114424,-0.6048760234208849
-0.3430895953225382,0.24101924267880465,0.2904732292831152
0.0942617535895924,-0.039216513098500466,0.623698839323368
1.9086727110124218,1.060239700942202,1.0855211769997446
-0.9484759773595526,-1.0556640875890377,-0.9699586676448214
-0.23213618639843647,-0.25634461902140004,-0.2597832630036076
-0.41897173736038207,-0.005433039603653711,0.2882942277566953
0.87128605899554,0.6386209212719152,0.09840816028010631
1.196640244389913,1.1003101402514934,1.6288410303832057
-0.7457161547162021,0.2800856407851274,0.7362095618842921
-1.263103486236373,-1.0109875498767174,-0.5758243100698183
-0.31595449137630727,0.45225512014894276,0.768037039383213
0.8601086780980105,0.51005186141083,0.3555541424763408
-0.9820600317635964,-1.5723051935716377,-1.0324906871413824
2.3773899441055018,2.1481971637601784,2.4505698526845547
1.0831200923499034,0.49691593034666715,0.7038895133388932
0.34480878583508245,-0.16154881776803465,0.5988015078398542
-1.4198946611261598,-1.5207520519051347,-1.803030054861963
-1.0088627986323664,-1.0775415354099496,-0.6855808205020767
-0.2819958118459518,-0.46418047976837573,-0.19831181222580013
-0.07966466208063983,0.08051160682464042,0.5041235200248211
0.5110486979287988,0.6260143441076791,1.353046028351365
1.8515884930113173,1.6363644369834003,1.6090090921066793
-1.2715499617830577,-1.238484746764722,-0.962379582264169
0.5550801733333451,0.08210135083731931,-0.2299443542197418
1.520455558102506,0.601092190090783,0.6624998623853562
-0.04890682455104045,-0.266644141420428,-0.8004539194340043
-0.6340693975535924,0.4078956130066009,-0.33791473002119116
-0.3206198690848376,0.004752993471692113,-0.13278697740955575
-0.7976245410429845,-0.9632954067269407,-0.6778293109212206
-0.9494567112570151,-0.6497154728768479,-0.37354461151692014
-1.0536105703119925,-2.3050243797971124,-1.1667503879079781
0.7796976901700294,0.42901598966010857,0.21471086917471116
2.3572640263057636,1.7864909930402815,2.324703111845979
-0.9826275423123013,-1.291973118146206,-1.71125868851007
-0.40808259031250793,-0.23826213301319016,-0.7767707848443633
0.6843920039962693,-0.4873336387725482,-1.3265884072143785
0.6198576554077028,0.49081514127808235,0.20044171091426452
1.4952227637267108,1.2732062989407222,0.8786984735849561
0.24542083357425012,0.10521145942213614,0.008295374275519777
0.36694596426406306,0.727772465648985,1.0087518463820213
-0.06552199332805797,0.6107376798509745,-0.24577127167148088
-0.7753536977789929,-0.5111626464314147,-1.1447419880686844
0.29037352537285244,0.5302497782383303,-0.15133357565819455
-0.8277093210122708,-0.8563746839437932,-0.3872618955236292
0.3840779281297596,0.7620691185585546,0.8681049557057985
0.03162654880953399,-0.23417742574827616,-0.635135906522839
0.19354421806123506,-0.4445387142592715,-0.70210287971733
1.4210174452639024,1.1546051783063753,0.5679110299081436
-0.08868429233290101,0.9712573170717096,1.1830910614681753
0.7453995570729189,0.747770101479186,1.0908932104756843
-0.01958861808173959,-0.5320537225245794,0.019320337097402024
0.08961224109356741,-0.561240418213337,-0.6928188149450326
0.29355103288080164,0.12050324095728149,-0.4798322323553801
-0.5136340225123471,-0.492994898341906,-0.9474678695112776
-1.719083707556294,-2.43861817592709,-2.346923134539109
0.3387110623159777,0.44861446519794834,0.15197231845716186
1.2759346319736629,0.8343982813593187,1.0690998560642866
-1.2101843238615562,-1.6260968683095165,-1.2707481839136983
0.540643472086026,-0.053136695617199914,-0.07220439841545086
-0.1658274483009959,-0.014597349449860356,0.07154282419021056
0.5371554052927663,0.3487379393351545,0.17918702032174866
0.453027280748476,-0.0038944725786073386,-0.812947186195307
-0.4004531583846595,-0.6184614771824839,-1.0818993602442348
-0.35397463517152894,-0.23197587283741408,-0.14750160514443073
0.16012047289127188,0.24620882073983072,0.35626986787089
-0.4885449028308243,-0.7160716669510634,-0.03899774282913754
0.3656477466365206,1.177825855355272,0.8314607892613164
0.4400324723506564,0.7098525291205312,0.8002386162374623
-0.42880198000866454,-0.22470607684147426,-1.0463145497602886
-1.0658363278181198,-0.8900192553737859,-0.6049473583768937
-1.6904004927901817,-1.2732276615581617,-1.5292655020878074
1.1577313377318668,0.9430380415901586,1.7187256849020471
-1.2592532936811427,-1.4266360832399143,-2.047636018879941
0.7515097804730675,0.9198962747685362,0.602601167057025
-1.5778674615353163,-1.37386788687586,-2.256934308074508
0.5610680304979808,-0.15989453769446305,-0.09656177093907437
-1.5764787977975896,-1.0464565622320439,-0.29158670518732155
-0.24826569572186535,-0.8986837510820641,-0.747653766128262
0.6125839277941793,0.8386557145557102,1.1782698196644095
-2.4412236014876587,-3.0063820853125858,-1.6223064112717613
-0.5453897806844245,-0.44194902703922345,-0.5148986608837609
1.642231332190973,1.0533232136516848,0.4785403267907682
-0.11886253827637154,-0.17102410877809207,-0.08440228288722891
-1.249474411375423,-0.42862564401627423,0.03049729245579262
-0.18031579692456465,-0.1484543697825227,-1.128469052419866
0.4033077051884678,0.1768255464916987,0.39804795766174084
0.3242791080473969,0.5099743037444879,0.06868109378392023
1.1871569181046127,1.5858383987312705,1.4989495718312686
0.21481198841462504,-0.29234777369983755,-0.5541134223435925
0.9604130617035688,1.1068328556484814,1.5998118170403481
-0.9878108930846607,-0.5012553953821103,-1.871413671032207
1.128302435957432,1.2428841374719417,1.3811327757123404
0.0860847810578168,-0.04211237364946446,-1.19925084399467
-0.8935002289066619,-0.05999881011870484,0.5734674301509232
-0.7633684575069332,-0.8004123688019544,-0.2588444689338324
-1.848510820340626,-1.3682501301546124,-1.105460489331906
-0.35894527942536275,0.12279298520674153,-1.411554267398889
0.770692781460482,0.7253988676849944,0.6681266913750515
-1.2930741460609907,-1.802488429851232,-1.9665424072646713
0.410784280594333,0.4506003461177781,0.14812157173474236
-0.09953196737262968,0.8518309352559823,1.622047558294141
0.19343895975365835,-0.20407351814392127,-0.18531127324732757
-0.25366598726621337,-0.2651111622093557,-0.492830117959277
1.545074295274474,1.4751561146834309,0.5498169373123445
0.04111540318149767,-0.19661637232142623,-0.3850500269723221
-0.4578185127227412,-0.3839409656239996,-0.4537380668725599
0.128649382134663,0.20711193795554772,0.3089733342803644
-0.10470835200217485,0.278766978428177,1.110693459232394
1.043470711969255,0.9854825263131523,1.3453352347107
0.33306301252717474,0.7113900943410452,1.3206935982018426
0.4948733589180953,1.002537125280936,0.7576296452700844
1.6507416507367387,1.7172993462552282,1.919824322865312
-0.1577376863792731,0.44030095650471396,0.6541408641689664
-1.2479596158975916,-1.8337382021594046,-1.9501536032994289
1.3021787297336145,0.6556238747401173,0.316818137288917
-0.9106265966112765,-0.22513527203951,0.5812777275881087
0.5487090462609344,0.719932136908173,1.2017630658910223
1.5745206004592998,0.969074688254779,0.6824371580762332
-1.091857133774817,-0.34206801302661394,0.8109829904136565
0.2360485480957805,-0.27471026413439653,-0.1945934761053465
-0.9595343361337374,-0.10668509673226942,0.27705360741553875
-0.041892632106010394,-0.6953223532579041,-0.7201378663356381
-0.5136578099138317,-0.048080511015882205,-0.20066531840326723
0.1414132399743577,0.6385759305330263,0.2831099863767464
0.3079726258637442,0.5645696881826674,1.0060007690591641
-0.3043228351154917,-0.9228792284883225,-1.7315172471963094
0.8460431391030725,0.7351883018850954,1.0931713869649253
0.4263609682282039,0.28246438041298194,0.7212486322346818
0.0006034565009944426,0.11561983675740584,-0.29320898113366034
0.9976764722950986,1.0641920299484555,1.396300084795998
-0.19043930903741674,-0.29637620555500716,0.10183384653090864
1.8901157541299558,1.701876566690481,1.0577330860888114
-0.3173638548224777,-0.7266499595007984,-1.28025761844694
0.1313651253651356,0.024660006584571903,0.437257988744266
0.3218598346968194,-0.36072751488776394,0.23119737174288602
-2.3013961725193623,-3.0553454048596813,-2.676118588009143
-0.3125630691495201,-0.22628900620496611,-0.6080602940554055
0.5167857512826339,0.584306208542726,0.21249158678384278
1.0384577835597575,0.5991967599561095,0.40618285770152585
-1.278620123875708,-0.8788018166841123,-0.8837172381071412
-0.9985717269363397,-1.0183437233946262,-1.0408209639382686
1.2990604976238072,1.8883160108198789,2.1308397337161185
0.5446778713181948,0.8779234777283575,0.4661538886244311
2.5293893343844815,2.5926823860212656,2.0972031073706408
1.262560247834986,1.2361754898074475,1.7278387379440174
-0.5141689305712479,-0.5088604300053309,-0.6431642020110411
1.490898862272782,1.157457519194128,1.088935586230258
-0.04638880053615935,-0.48702107185924004,0.30738521700754645
0.3221141333972135,0.4292888697263944,1.2516311390496542
-0.8032393464090893,-0.27447997318953543,0.17367282037999096
-1.2661786040499878,-1.1998399865999627,-1.438954958556822
0.9458197163138355,1.5702699432761904,1.757028275767927
0.6081559939159064,0.9604976058572776,0.4669668011006134
0.5030231745273375,0.7765570682838883,0.46338156546815645
-0.34317467431722243,-0.2633145181033288,0.0562239572161177
1.3013813670506922,0.7375481282321091,-0.23622769034371283
0.5387479793359331,1.1960239060744584,0.9218634021086354
0.9642086583039703,1.127316231725787,1.0302479363964876
1.497364320370509,0.8066580837925676,0.8133302988756319
0.04813229709938438,-0.2666623162563416,-0.4439941362293932
-1.6599938266349403,-1.6216204042374371,-1.5703680708176582
-0.20756629277564553,-1.0049905412666718,-0.6891913321082386
0.982515860728765,1.0912594144096208,1.2027580984013617
-0.2302440685431438,-0.3997806406084499,-0.487258717860482
0.8481022503264033,0.4125486727128096,0.9069437992402127
0.3854034769154003,0.6043705005927938,0.22291477419772837
0.6531090924470844,-0.03486319614434899,-0.10525426106797484
-1.501520721379901,-1.4826497093974662,-1.5532226100731612
-0.7656668304018257,-1.0270639720141503,-1.398310746636276
2.158345691256291,1.8332795898926773,1.8251674463822358
1.5963983900734275,1.2689443834338703,0.2951637340185394
-1.5981837187379972,-1.1564856833083192,-0.4021149979207128
-0.817084364248871,-0.1607579367668024,-0.11770519813650061
-0.48719332112917446,-0.8459977474009738,-0.7409559484445323
1.4632361156570879,1.1491112533271783,0.5634261677351786
0.31649084202159694,0.45939443460221696,1.4279612404123463
1.287793419929229,1.0030019284902072,1.043207301790284
-1.527879911622108,-2.231075341413406,-1.474041645354244
1.352707646464989,1.530578538055577,1.744658897888655
-0.12816396499531035,-0.03959798048662137,0.07942660827300121
0.8385859678902324,0.5999827028917085,0.023229626999300375
-1.381156825536946,-1.6834575485614762,-1.8548036000407921
0.5496436128615299,1.217978167618301,1.4711236385397584
0.6520827596550611,0.2568528298247654,-0.046941007918122626
1.314001588271758,1.7717756269532026,1.4988147280259219
2.2096200979534837,2.495175239299914,1.4034786037512146
-1.6985913469308787,-0.6793476674784134,-1.5937015007525452
-0.21399265547172133,-0.4911969837575877,-0.9655533032802569
0.3737260359227423,-0.12062363596586931,0.4174139182613633
0.297853616100263,0.031053032222855798,0.32634019537196746
1.5796458803093596,1.1150328620806835,0.45336715997851235
-1.1868884094263503,-0.6762563102633402,-1.9636641693735388
-0.6491247163446883,-0.15656240143424197,-0.18041364058275977
0.34070193826903794,0.23717702089191303,0.7410846246008265
-0.22455211656402657,-0.5906800405481943,-0.9103740115490188
1.2153351059755424,1.729424626246849,0.7534454485426051
0.7980088254238762,1.1907519896462309,0.48049829963251456
0.1375437701963687,-0.0038529610150747073,0.08150872484708188
-0.1974974808446771,-0.32606769638818905,-0.19159767186102294
-1.028931562044848,-0.6620829578957215,-0.7853709299790624
1.0122776783579126,1.0973486474348146,1.1212152396829491
1.1165208394263815,1.0717545977867042,0.8597599132131124
1.2577346063547246,1.2913335362639637,0.7630708938930528
0.6627731216223198,0.028984128792532454,-0.16479191841236063
0.26822030345046116,-0.2629491893851779,-0.47293903703788254
0.3088967711879834,0.8627935451304152,0.5781099879593135
0.29063807025369215,-0.14289227133168217,0.25699097716478964
1.1035804984320614,0.8167747731538038,0.7513995158691833
0.35892892225829826,0.8303780773566556,1.2159849560816687
-1.6934283077817003,-1.1130871589258673,-0.7320828160705325
0.674813758483964,0.3225059531773318,-0.22053741291845316
-0.8060375562839556,-0.7232123642194381,-1.0417091217096455
0.3029114135197961,0.5315860112771593,1.2790764041587157
0.47898779075353426,0.5846428724521282,0.31667259112099044
-1.8020357915142975,-1.5365752227100875,-1.060372273308085
-0.07879725719747166,-0.5776959079660873,-0.289264679592544
0.42780182841768777,-1.2922064390593426,-1.6974259278406039
1.1627912010507457,1.4021146308167802,1.0477105811825465
-0.7817789126331233,-0.6459705154797286,-0.4171810237443686
0.7912919226579763,0.7066205593313588,0.8985671439314189
0.6235470871518979,0.9511632882008623,1.292022025889961
-0.6110745340570007,-0.3046371676668107,-1.2933125649182755
0.6795809641505776,0.7869936409774153,0.4306662356276655
1.0376914111419664,0.8474435241912373,1.0688356818715627
-0.07152355609529701,0.76880543227252,0.7006246433679164
1.567993878954202,0.9859309249100343,0.6563573833035944
-1.5543130692364975,-1.8016371708862784,-1.131299854625268
-0.15953904780671205,-0.03382640986060598,-0.11999072625492227
-1.2048064182818494,-1.3829905017307202,-1.3121112520237528
-0.69679811879692,-0.7055456419127262,-0.7359719435003144
0.8668890032697975,0.9107256569648614,0.9360486377777149
-0.723723533033078,-1.391810485346248,-1.4959392280050907
0.6882797606409723,0.38580911871071233,-0.21791429995666442
1.5565934188330646,0.2943873870287683,-0.2889926197473966
-0.5495221223835831,-0.1448943229532204,0.458050909233688
0.16683398433219257,0.18033465192232517,-0.1461875358891343
0.2613043470977483,0.30556477036905333,0.3100010526484976
-1.2460665828003004,-1.2441999594329913,-0.7705187056997607
0.03063379159690921,0.040826880764568724,-0.5333951495399876
0.9228221432986217,0.09994263839699956,-1.2202618157733274
-1.7100744319713805,-1.4855303544949572,-0.8125593696821621
-0.5200636042558747,-0.7935985499188954,-0.008507160702485833
-0.40637481345319126,-0.08998288713442892,-0.40512091438184794
1.002660810230218,0.7782853106087857,0.7410724054575994
-0.5103934771101967,-0.4505145446324253,-0.646091829399086
-0.2923615337791807,-0.15361793810044658,-0.4629963380621975
-1.1209858400043524,-1.602149801821147,-1.4295847878032157
-0.19416685045039847,-0.05622844771141568,0.07776571976228705
0.5536268158058638,0.9284291588001592,0.9190841309917236
-1.296177137674365,-1.3802264227375778,-1.019836998556263
0.44327853625614705,0.21065813706537362,0.06098460549789045
-1.6867751180779267,-1.0956150689475064,-0.3615433170737534
-1.0788902222716548,-0.7957468478149091,-0.6268975180787377
-0.3278017613391996,-0.5607932175897036,-0.8158533916072062
-0.9536847674646958,-1.0099194184262685,-1.1179260810016605
1.9923823234522229,2.0622960117491327,2.1379539614700374
-0.11914703666275234,0.5512138516128249,1.0735265261631726
-0.18470351807397184,-0.9475571694920684,-0.5896501759630888
0.006704847528492902,0.8991992704438223,0.9097803446259208
-0.8299679093649821,-0.5918294795513589,0.03068555587943987
-0.6247313515726853,-0.21610091140208212,-0.198418871629532
-0.18815387535235392,-0.07308471872839076,0.7699451444735936
0.17802839563910328,0.30225047615260686,0.24799446548677706
0.08211118536975383,0.18683893391436768,0.39625213972316947
0.08509332134323869,0.16057251634041403,0.5870098503974512
-0.6865440322265064,-0.5372887189886884,-0.6973633780522399
-0.17497146849913647,-0.36171358846411,-0.23222402005174553
1.7759410585225766,1.4100401695629878,1.6473224095783716
-0.5245591095657625,-0.6702016439271361,-0.6384792288722094
0.1767097847265534,0.24180555715462715,-0.07907665381503355
-0.30517739483013107,-0.7081881328388336,-0.38909723710476596
1.5838281086684507,0.3046606261143196,-0.09131917427680986
-0.4599464871564334,0.028612568052205162,-0.07369865509172605
0.6439703891135253,1.0435730353588393,0.681800191347584
1.6547423186064008,0.9885967710626689,0.4725278913402226
-1.01750081232804,-0.49736873868070786,-0.5992895382369958
0.7679066522700851,0.7442952425834548,0.9451107606144454
1.527497576345463,2.0445167442456196,2.06075479658
0.38362241959950377,1.1810907836620432,1.7672890348680248
1.0690988413018347,1.233166595904003,1.1060354050120011
-0.8188087466651842,-0.8790140979106391,-1.0187874805850723
-0.27083455071690143,0.07283964662498521,-0.3359898700244365
-0.5284007286833013,-0.19121308756739747,-0.49538417627008635
0.5706366955164996,1.051933344996584,1.1905663625988196
-1.0807492962039202,-1.2135405712201486,-1.6690827697980728
0.5406656878851399,0.5447633782812928,0.2814692527602628
-0.01584848101351674,-0.3555490063713738,0.10738991884486687
0.8587235778077302,1.1678839585572554,1.4403195817563363
-1.2092045814864414,-1.6327012929762856,-1.5811544135411082
1.035209805137103,1.1546365704074268,0.20855569508879934
-0.26277557937803797,-0.3025407585651443,-0.9747446123766814
-1.0878591133947044,-0.6920480247962684,-0.932549793291632
0.2789990788343162,0.5723430661311371,0.807492377206756
-0.8448561100795267,-0.032177150062341675,-0.5238511244174934
2.0260973702562874,2.404636406205729,1.9979432058260524
-0.36329806992338337,-0.48712285610455275,-0.06715300837701411
0.5072367851923283,0.34957643542414485,0.5205389074667784
0.6908708311956898,0.3955210804182353,-0.019517992070710168
1.750264651155705,1.4920082055121058,1.673701636965225
-0.8416586310084732,-0.1785310675969075,0.5120206036202906
-0.49835952327915356,-0.3025424609430074,-0.6678729857219782
-0.854273360643968,-0.08632179360867875,0.12360441668787772
0.31831547544563904,0.29532829058197213,0.051572734133447186
1.2362823919353247,0.49587904256692805,0.32030547857434744
-0.5444575493475172,-0.45808378483216716,-1.3829769193809764
0.3751617256438225,0.3829368644766907,0.6366294946895744
0.8344034021023076,0.649572928103608,0.3885976370835461
0.8241508941825796,0.7875963775502887,0.47131100477839577
-0.16323114041526426,-0.39653298201687315,-0.6460947434117347
-0.5254244164571572,-0.25097913143236883,-0.4215191395007146
0.9455617189340279,0.7837541105374956,0.8948009695752005
1.327913567501368,1.6914009545602053,1.6917485347883237
0.3491437370927696,-0.18134794672357435,-0.8786410234660267
-0.4072846833152972,-0.6944738093867753,-0.026651373831568487
-0.6941376881943236,-0.42487521356208713,-0.4100975424060339
-1.7758909252923603,-2.186498034521348,-2.0209082520506416
-0.41790775783693684,-0.9181192979176541,-1.6623928287502032
-0.3725364745665451,-0.4536695517278698,-0.5381783758864537
-0.2453510982031596,-0.37126059824169555,-1.0604547394510209
0.43613391021016645,0.2095276314108742,-0.12239850336412855
2.0970331264995004,1.6326855391370292,2.1363511354275766
1.8064046796863638,1.5342234635151688,1.0816194452837387
-0.5295118100000841,-0.130973741406739,0.3924286801174366
1.2762619590189233,0.9619295021513797,2.026167133207376
0.6182883867053648,1.209946199211608,0.1672279645079256
-1.3585271589757233,-0.4222286680974949,-0.48391156268627017
0.11378421993615667,-0.16892030463896332,-0.1817689596062103
0.5182470602975529,0.7455232706673774,0.27379316244031726
0.2746300355406997,-0.13699309533314907,-0.4193392372150877
-1.1432598734503963,-1.341275170679643,-1.4479284766291471
0.2204653900021163,0.44094188809698676,0.7915468074098152
-0.33842658084995514,0.33883641697759154,-0.643269847983002
-1.614982282533351,-1.7484002834646788,-1.1470750501944664
-1.1426439806169622,-2.1607120038302856,-2.595207860988471
1.2546179538494602,1.448303312971237,1.777854517215159
0.732008653447742,1.225837952031498,1.635957964385885
-0.43054023722999757,0.20393227411712045,0.6037515230344059
-0.965335656530915,-0.7601116379232998,-1.2193609391973954
-1.6202007584050917,-1.2518038451051359,-1.1484445112608908
-0.4661436642489714,-1.2088311597282941,-1.5351613826307406
1.4150219702652267,0.4156277984850568,0.7675584405116561
0.14006373019608742,0.6244939076207117,0.6889157631613316
-2.7884940336736457,-2.94456130072578,-1.6800498370415726
0.7906502800460149,1.4658808582348108,1.7959961797070092
-2.5613743389052974,-2.866431087498149,-2.5343542533063634
-0.30133496635132434,-0.2728657948919545,-0.3494372513657533
-0.28416108606698637,-0.5104098083926967,-0.6755845987269412
0.05695950918345741,-0.36363379159443426,-0.9117872519848361
1.6684136546675372,0.7925508034570236,0.7649819064784933
-0.26953604596868186,-0.4575314273762014,-0.8607830136856891
0.8616280418993427,0.2169840198886458,0.45450057993587223
-0.3093562762459362,0.18371464881910593,-0.5613438654925549
-0.22205814437545424,-0.0743268591861325,0.06241909186489942
-0.5246734601703793,-0.18171705297373728,-0.2655827978111189
0.7718320942731892,0.42908989237865125,0.23964441480382848
-0.6088328585437333,-1.310517877402657,-1.9206469437793916
-1.5343161651460464,-1.3617704971516669,-1.1888381468314528
-1.3339272677148597,-1.4554209739309485,-1.4873863211100877
1.4631536104879648,1.3715557933948412,1.274245937918964
0.10222750283378934,-0.0040838220491110355,-0.2735043194694038
-0.48861875025883095,-0.709125656140262,-0.04091834867257296
-0.7629295530043907,-1.866844494133472,-2.0128305358227445
-0.831892747820021,-0.6316357873968828,-0.6765280827787947
0.8011236004852155,0.2803628665883865,-0.19215587348556656
0.37321455334938386,0.3430740863089515,0.8926262368912715
-0.07160267971872611,0.0013702234518527256,0.7780297466837753
0.37288501420141695,0.15294076016016572,0.6577993694243178
-0.9034415452295548,-0.08618152726709499,-0.3679837027385326
1.6734337283231078,2.1597753355086176,2.286860199539497
0.5625419537371863,0.32841284590290154,0.4931067655981167
-1.6720546351357042,-2.1332238202833524,-2.064647545498788
0.007431254960185235,1.2405018586548648,1.246367682693887
-0.37777396004364217,-0.428977612284975,-1.0122229920022463
1.3451106288218455,1.0914112053925162,0.8099059110774628
-0.5141972861063107,-1.252070761293276,-0.7889248539750208
0.2582629090172013,0.5357053106368949,0.1754680399254735
-0.5358945612535753,-0.769275827453615,-1.2881826641551235
-1.3697499811477247,-1.4180920527468557,-0.5833352829587611
1.5934496901513713,1.247729214708598,1.3820140307153443
-0.2608346275000871,-0.5491569354222587,0.4051093077389554
-1.8288764238879627,-1.8250711302524902,-1.6243859718112303
2.4977369813274586,2.5451215753907586,2.9543531343152867
-0.27938082562878463,-0.23188740338387842,0.5775086872460207
0.07602786455739094,0.11337877516560702,-0.01568154079113412
2.6334952661803457,2.706195141768781,2.2414851238008255
0.47193476215493163,0.34108446729594155,0.04877677054438876
-1.353928782825242,0.5239266077934681,0.8782092035086292
0.2858808127251551,-0.19516973344190144,-0.44557409828994804
-0.7471545888536185,-0.8463152193438271,-1.0342534909201502
-0.9597866040169469,-0.4326102819352623,-0.10958751105338063
0.39162465088943527,-0.02664348514429768,-0.8847193244152709
0.7967003764325773,1.1077782702973018,2.133371465795455
-1.090813838611064,-0.8164512212408679,-0.7497003324730137
-0.504214131130992,0.4674136527794668,0.8924477363705188
-0.6461815148109001,-0.8204653723257178,-0.8458736318374869
-0.49898889907526284,-0.35624416123774694,-0.05567310382847366
0.0753067789131275,0.40305562271278766,0.3136205269382244
-1.0528805058009765,-1.332992520740868,-1.0335073696816721
-0.7373309934754418,-0.7981856874397748,-0.815180889137398
-0.5302401368294243,-0.7251712284020337,-0.7679814889536439
-0.1040350467424212,0.5715819415537384,0.7024451353172367
-0.7911549738057942,-1.0646144250677956,-0.8470295451815577
-0.31865900990419976,-0.4825109021712907,-0.014538962069732417
0.1664201994322662,-0.19814636638164823,0.15162806625046948
-0.21598223841743508,-0.6499986985002207,-1.1146560624041733
1.364832837740216,0.73042513781039,-0.07437199826305818
-2.1904444530411094,-2.329269435761767,-1.4366878016412845
0.6325932837976102,0.5909408602398052,1.1664640409158715
0.06604442981755426,0.49711715792204425,-0.23005920704954821
-0.5001495164293659,0.36895539054509435,0.04890020513734353
-0.8616128476571042,-1.8426910423915768,-1.6960387247002002
1.5266946379542705,0.963281640459007,0.9291116863957526
0.43027354702102566,0.44506008982291145,0.9452119131490587
0.19036959763842598,0.366363616329645,0.5482019038646714
-0.4489772009887498,-0.40038066876904815,-0.6612054630330895
-1.9629874826838085,-1.763824698821983,-1.6549206233951055
